{
  "total_episodes": 500,
  "red_cup": {
    "x": {
      "mean": -0.06730882078409195,
      "std": 0.03203604370355606,
      "min": -0.13890114426612854,
      "max": -0.0017810239223763347
    },
    "y": {
      "mean": 0.0014496853109449148,
      "std": 0.10591567307710648,
      "min": -0.18988241255283356,
      "max": 0.193745955824852
    },
    "z": {
      "mean": 0.34499993920326233,
      "std": 5.960464477539063e-08,
      "min": 0.3449999988079071,
      "max": 0.3449999988079071
    }
  },
  "grasp_center_y": {
    "mean": 0.06844968497613443,
    "std": 0.10591567524096923,
    "min": -0.12288241255283355,
    "max": 0.260745955824852
  },
  "y_skewness": -0.06040965383430679
}