{
  "total_episodes": 36,
  "red_cup_target_count": 20,
  "blue_cup_target_count": 16,
  "unknown_target_count": 0,
  "red_cup": {
    "x": {
      "mean": 0.2147828996181488,
      "std": 0.021901004662162115,
      "min": 0.1798199862241745,
      "max": 0.2469145506620407
    },
    "y": {
      "mean": 0.11885892245918513,
      "std": 0.04196674575851738,
      "min": 0.03915620222687721,
      "max": 0.17368009686470032
    },
    "z": {
      "mean": 0.8450000286102295,
      "std": 0.0,
      "min": 0.8450000286102295,
      "max": 0.8450000286102295
    }
  },
  "red_cup_y_skewness": -0.3983852830231464,
  "blue_cup": {
    "x": {
      "mean": 0.27584956772625446,
      "std": 0.02280741975241856,
      "min": 0.2500990331172943,
      "max": 0.3292008936405182
    },
    "y": {
      "mean": 0.21141398837789893,
      "std": 0.034510303179216766,
      "min": 0.11885607987642288,
      "max": 0.2448478490114212
    },
    "z": {
      "mean": 0.8450000286102295,
      "std": 0.0,
      "min": 0.8450000286102295,
      "max": 0.8450000286102295
    }
  },
  "blue_cup_y_skewness": -1.336505423532784,
  "grasp_center_y": {
    "mean": 0.22699450784259373,
    "std": 0.060190824008750504,
    "min": 0.10615620017051697,
    "max": 0.31184786558151245
  },
  "task_statistics": {
    "total_tasks": 100,
    "success_count": 36,
    "fail_count": 64,
    "success_rate": 36.0
  }
}