{
  "total_episodes": 84,
  "red_cup_target_count": 42,
  "blue_cup_target_count": 42,
  "unknown_target_count": 0,
  "red_cup": {
    "x": {
      "mean": 0.226956413260528,
      "std": 0.025042217971925237,
      "min": 0.17740245163440704,
      "max": 0.24999967217445374
    },
    "y": {
      "mean": 0.08105418031378317,
      "std": 0.06159459658052321,
      "min": 0.0004049294802825898,
      "max": 0.17614871263504028
    },
    "z": {
      "mean": 0.8450000286102295,
      "std": 0.0,
      "min": 0.8450000286102295,
      "max": 0.8450000286102295
    }
  },
  "red_cup_y_skewness": 0.1953004044760777,
  "blue_cup": {
    "x": {
      "mean": 0.3132222766677539,
      "std": 0.03891422338181702,
      "min": 0.2488955855369568,
      "max": 0.34995076060295105
    },
    "y": {
      "mean": 0.12082778100323464,
      "std": 0.09098426075719622,
      "min": 0.005870874505490065,
      "max": 0.24607110023498535
    },
    "z": {
      "mean": 0.8450000286102295,
      "std": 0.0,
      "min": 0.8450000286102295,
      "max": 0.8450000286102295
    }
  },
  "blue_cup_y_skewness": 0.17075305360933385,
  "grasp_center_y": {
    "mean": 0.16794098266178653,
    "std": 0.08019663279599085,
    "min": 0.06740493327379227,
    "max": 0.3130711019039154
  },
  "task_statistics": {
    "total_tasks": 100,
    "success_count": 84,
    "fail_count": 16,
    "success_rate": 84.0
  }
}