{
  "total_episodes": 91,
  "red_cup_target_count": 45,
  "blue_cup_target_count": 46,
  "unknown_target_count": 0,
  "red_cup": {
    "x": {
      "mean": 0.21935740113258362,
      "std": 0.025934573221496813,
      "min": 0.17868629097938538,
      "max": 0.2499953955411911
    },
    "y": {
      "mean": 0.09939904110764877,
      "std": 0.06188343295392084,
      "min": 0.0015184007352218032,
      "max": 0.17484624683856964
    },
    "z": {
      "mean": 0.4749999940395355,
      "std": 0.0,
      "min": 0.4749999940395355,
      "max": 0.4749999940395355
    }
  },
  "red_cup_y_skewness": -0.3185370304744736,
  "blue_cup": {
    "x": {
      "mean": 0.3210364677335905,
      "std": 0.03311257523133672,
      "min": 0.24824462831020355,
      "max": 0.3499871492385864
    },
    "y": {
      "mean": 0.1087630071181237,
      "std": 0.08068303832878627,
      "min": 0.003000616794452071,
      "max": 0.24672779440879822
    },
    "z": {
      "mean": 0.4749999940395355,
      "std": 0.0,
      "min": 0.4749999940395355,
      "max": 0.4749999940395355
    }
  },
  "blue_cup_y_skewness": 0.3450079414962293,
  "grasp_center_y": {
    "mean": 0.17113247571083215,
    "std": 0.07215470020552445,
    "min": 0.06851840019226074,
    "max": 0.31372779607772827
  },
  "task_statistics": {
    "total_tasks": 100,
    "success_count": 91,
    "fail_count": 9,
    "success_rate": 91.0
  }
}