{
  "total_episodes": 37,
  "red_cup_target_count": 21,
  "blue_cup_target_count": 16,
  "unknown_target_count": 0,
  "red_cup": {
    "x": {
      "mean": 0.21760659274600802,
      "std": 0.022134617089545623,
      "min": 0.17877139151096344,
      "max": 0.24935106933116913
    },
    "y": {
      "mean": 0.11146276914292857,
      "std": 0.04725971758762296,
      "min": 0.018001174554228783,
      "max": 0.17475923895835876
    },
    "z": {
      "mean": 0.8450000286102295,
      "std": 0.0,
      "min": 0.8450000286102295,
      "max": 0.8450000286102295
    }
  },
  "red_cup_y_skewness": -0.5510672018305107,
  "blue_cup": {
    "x": {
      "mean": 0.28602623380720615,
      "std": 0.011659450103839876,
      "min": 0.2649543881416321,
      "max": 0.31064772605895996
    },
    "y": {
      "mean": 0.20066385995596647,
      "std": 0.016943012898096403,
      "min": 0.16123893857002258,
      "max": 0.22869013249874115
    },
    "z": {
      "mean": 0.8450000286102295,
      "std": 0.0,
      "min": 0.8450000286102295,
      "max": 0.8450000286102295
    }
  },
  "blue_cup_y_skewness": -0.41981243436988896,
  "grasp_center_y": {
    "mean": 0.21703621402785583,
    "std": 0.057833124046693975,
    "min": 0.08500117808580399,
    "max": 0.29569011926651
  },
  "task_statistics": {
    "total_tasks": 100,
    "success_count": 37,
    "fail_count": 63,
    "success_rate": 37.0
  }
}