{
  "total_episodes": 34,
  "red_cup_target_count": 24,
  "blue_cup_target_count": 10,
  "unknown_target_count": 0,
  "red_cup": {
    "x": {
      "mean": 0.2082133429745833,
      "std": 0.020741056772503375,
      "min": 0.1814441829919815,
      "max": 0.24985523521900177
    },
    "y": {
      "mean": 0.12962772216026983,
      "std": 0.04374547145417496,
      "min": 0.008506521582603455,
      "max": 0.1719825714826584
    },
    "z": {
      "mean": 0.8450000286102295,
      "std": 0.0,
      "min": 0.8450000286102295,
      "max": 0.8450000286102295
    }
  },
  "red_cup_y_skewness": -1.3209165238714706,
  "blue_cup": {
    "x": {
      "mean": 0.3062605351209641,
      "std": 0.019026886547049062,
      "min": 0.2828020453453064,
      "max": 0.34584492444992065
    },
    "y": {
      "mean": 0.16179246678948403,
      "std": 0.04653666241169227,
      "min": 0.05377062410116196,
      "max": 0.20621106028556824
    },
    "z": {
      "mean": 0.8450000286102295,
      "std": 0.0,
      "min": 0.8450000286102295,
      "max": 0.8450000286102295
    }
  },
  "blue_cup_y_skewness": -1.4323418956851797,
  "grasp_center_y": {
    "mean": 0.20608794316649437,
    "std": 0.046931568287109135,
    "min": 0.07550652325153351,
    "max": 0.2732110619544983
  },
  "task_statistics": {
    "total_tasks": 100,
    "success_count": 34,
    "fail_count": 66,
    "success_rate": 34.0
  }
}