{
  "total_episodes": 96,
  "red_cup_target_count": 50,
  "blue_cup_target_count": 46,
  "unknown_target_count": 0,
  "red_cup": {
    "x": {
      "mean": 0.21980769008398057,
      "std": 0.02747881412839167,
      "min": 0.17812533676624298,
      "max": 0.25
    },
    "y": {
      "mean": 0.09744674373294401,
      "std": 0.06271862421334207,
      "min": 1.459935083403252e-05,
      "max": 0.1754176765680313
    },
    "z": {
      "mean": 0.4749999940395355,
      "std": 0.0,
      "min": 0.4749999940395355,
      "max": 0.4749999940395355
    }
  },
  "red_cup_y_skewness": -0.13022990842017665,
  "blue_cup": {
    "x": {
      "mean": 0.31229334259810654,
      "std": 0.03702193039824422,
      "min": 0.24992574751377106,
      "max": 0.3499971926212311
    },
    "y": {
      "mean": 0.12485316420561107,
      "std": 0.08952056448646044,
      "min": 0.0013998688664287329,
      "max": 0.24502474069595337
    },
    "z": {
      "mean": 0.4749999940395355,
      "std": 0.0,
      "min": 0.4749999940395355,
      "max": 0.4749999940395355
    }
  },
  "blue_cup_y_skewness": 0.011027428246781877,
  "grasp_center_y": {
    "mean": 0.17757898840742806,
    "std": 0.07795013943827835,
    "min": 0.06701459735631943,
    "max": 0.3120247423648834
  },
  "task_statistics": {
    "total_tasks": 100,
    "success_count": 96,
    "fail_count": 4,
    "success_rate": 96.0
  }
}