{
  "total_episodes": 500,
  "red_cup_target_count": 253,
  "blue_cup_target_count": 247,
  "unknown_target_count": 0,
  "red_cup": {
    "x": {
      "mean": 0.22205811738967896,
      "std": 0.026036787778139114,
      "min": 0.17689214646816254,
      "max": 0.24999982118606567
    },
    "y": {
      "mean": 0.09336864948272705,
      "std": 0.06160014867782593,
      "min": 0.000297307240543887,
      "max": 0.1766611635684967
    },
    "z": {
      "mean": 0.8450002074241638,
      "std": 1.7881393432617188e-07,
      "min": 0.8450000286102295,
      "max": 0.8450000286102295
    }
  },
  "red_cup_y_skewness": -0.1004253402352333,
  "grasp_center_y": {
    "mean": 0.17808905243873596,
    "std": 0.07808873802423477,
    "min": 0.0672973096370697,
    "max": 0.3136492967605591
  },
  "blue_cup": {
    "x": {
      "mean": 0.31095126271247864,
      "std": 0.036060988903045654,
      "min": 0.24832260608673096,
      "max": 0.3499998152256012
    },
    "y": {
      "mean": 0.12923988699913025,
      "std": 0.08835145831108093,
      "min": 0.0003627701662480831,
      "max": 0.24664930999279022
    },
    "z": {
      "mean": 0.8450002074241638,
      "std": 1.7881393432617188e-07,
      "min": 0.8450000286102295,
      "max": 0.8450000286102295
    }
  },
  "blue_cup_y_skewness": -0.145271435379982
}