{
  "successful_samples": 91,
  "tb3_init": {
    "x": {
      "mean": 0.1976908293071684,
      "std": 0.03690966314003556,
      "min": 0.12927991151809692,
      "max": 0.2833830416202545
    },
    "y": {
      "mean": -0.2500264647897783,
      "std": 4.7671342872810125e-05,
      "min": -0.25047850608825684,
      "max": -0.2500191330909729
    },
    "z": {
      "mean": -1.4474428778387617e-05,
      "std": 5.572039449104311e-06,
      "min": -6.230556755326688e-05,
      "max": -1.1134266969747841e-05
    }
  },
  "task_statistics": {
    "total_tasks": 100,
    "success_count": 91,
    "fail_count": 9,
    "success_rate": 91.0
  }
}